month,borough,day_type,trip_type,route_id,period,total_mileage,total_operating_time,average_speed
2020-01-01,Brooklyn,1,LCL/LTD,B41,Off-Peak,47371.723,6887,6.8778214
2020-01-01,Brooklyn,1,LCL/LTD,B41,Peak,20349.574,3220,6.3184996
2020-01-01,Brooklyn,2,LCL/LTD,B41,Off-Peak,18836.732,2513,7.4941335
2020-01-01,Brooklyn,2,LCL/LTD,B41,Peak,7237.4883,999,7.2390265
2020-02-01,Brooklyn,1,LCL/LTD,B41,Off-Peak,43287.746,6444,6.7169743
2020-02-01,Brooklyn,1,LCL/LTD,B41,Peak,18443.928,2986,6.176257
2020-02-01,Brooklyn,2,LCL/LTD,B41,Off-Peak,18647.652,2597,7.1794744
2020-02-01,Brooklyn,2,LCL/LTD,B41,Peak,6806.928,985,6.910285
2020-03-01,Brooklyn,1,LCL/LTD,B41,Off-Peak,46315.38,6437,7.19464
2020-03-01,Brooklyn,1,LCL/LTD,B41,Peak,20509.982,3028,6.771225
2020-03-01,Brooklyn,2,LCL/LTD,B41,Off-Peak,17013.057,2200,7.7301755
2020-03-01,Brooklyn,2,LCL/LTD,B41,Peak,6573.375,863,7.612344
2020-04-01,Brooklyn,2,LCL/LTD,B41,Off-Peak,46153.723,5592,8.253235
2020-04-01,Brooklyn,2,LCL/LTD,B41,Peak,18333.703,2227,8.230963
2020-05-01,Brooklyn,1,LCL/LTD,B41,Off-Peak,27220.658,3476,7.828982
2020-05-01,Brooklyn,1,LCL/LTD,B41,Peak,10676.932,1396,7.6437497
2020-05-01,Brooklyn,2,LCL/LTD,B41,Off-Peak,22404.045,2763,8.107135
2020-05-01,Brooklyn,2,LCL/LTD,B41,Peak,8771.887,1091,8.034598
2020-06-01,Brooklyn,1,LCL/LTD,B41,Off-Peak,43824.13,6090,7.1952467
2020-06-01,Brooklyn,1,LCL/LTD,B41,Peak,18810.172,2716,6.925123
2020-06-01,Brooklyn,2,LCL/LTD,B41,Off-Peak,12363.842,1594,7.753317
2020-06-01,Brooklyn,2,LCL/LTD,B41,Peak,3885.124,522,7.4332848
2020-07-01,Brooklyn,1,LCL/LTD,B41,Off-Peak,48213.887,6873,7.014442
2020-07-01,Brooklyn,1,LCL/LTD,B41,Peak,20882.428,3032,6.8855677
2020-07-01,Brooklyn,2,LCL/LTD,B41,Off-Peak,16412.66,2206,7.4371047
2020-07-01,Brooklyn,2,LCL/LTD,B41,Peak,6027.274,830,7.2601385
2020-08-01,Brooklyn,1,LCL/LTD,B41,Off-Peak,45721.74,6604,6.9228973
2020-08-01,Brooklyn,1,LCL/LTD,B41,Peak,19547.406,2885,6.7744236
2020-08-01,Brooklyn,2,LCL/LTD,B41,Off-Peak,19087.941,2554,7.473289
2020-08-01,Brooklyn,2,LCL/LTD,B41,Peak,7206.198,986,7.3046527
2020-09-01,Brooklyn,1,LCL/LTD,B41,Off-Peak,46557.96,6595,7.0591435
2020-09-01,Brooklyn,1,LCL/LTD,B41,Peak,20623.332,3056,6.7473335
2020-09-01,Brooklyn,2,LCL/LTD,B41,Off-Peak,16200.552,2148,7.5389686
2020-09-01,Brooklyn,2,LCL/LTD,B41,Peak,6063.28,815,7.432742
2020-10-01,Brooklyn,1,LCL/LTD,B41,Off-Peak,48570.55,6766,7.1779265
2020-10-01,Brooklyn,1,LCL/LTD,B41,Peak,21527.791,3179,6.770704
2020-10-01,Brooklyn,2,LCL/LTD,B41,Off-Peak,16980.482,2258,7.5179996
2020-10-01,Brooklyn,2,LCL/LTD,B41,Peak,6232.938,853,7.305965
2020-11-01,Brooklyn,1,LCL/LTD,B41,Off-Peak,44023.043,6119,7.1944094
2020-11-01,Brooklyn,1,LCL/LTD,B41,Peak,19655.748,2895,6.7879205
2020-11-01,Brooklyn,2,LCL/LTD,B41,Off-Peak,16941.588,2214,7.649992
2020-11-01,Brooklyn,2,LCL/LTD,B41,Peak,6284.17,822,7.636313
2020-12-01,Brooklyn,1,LCL/LTD,B41,Off-Peak,45794.027,6482,7.0640798
2020-12-01,Brooklyn,1,LCL/LTD,B41,Peak,19797.107,2946,6.7181964
2020-12-01,Brooklyn,2,LCL/LTD,B41,Off-Peak,16327.707,2107,7.746526
2020-12-01,Brooklyn,2,LCL/LTD,B41,Peak,6162.712,819,7.5233316
2021-01-01,Brooklyn,1,LCL/LTD,B41,Off-Peak,42531.055,5820,7.306704
2021-01-01,Brooklyn,1,LCL/LTD,B41,Peak,19186.094,2759,6.953158
2021-01-01,Brooklyn,2,LCL/LTD,B41,Off-Peak,22379.857,2860,7.8237014
2021-01-01,Brooklyn,2,LCL/LTD,B41,Peak,8583.916,1123,7.6399946
2021-02-01,Brooklyn,1,LCL/LTD,B41,Off-Peak,35343.098,5098,6.9324374
2021-02-01,Brooklyn,1,LCL/LTD,B41,Peak,15079.781,2309,6.5286217
2021-02-01,Brooklyn,2,LCL/LTD,B41,Off-Peak,16045.157,2132,7.5225453
2021-02-01,Brooklyn,2,LCL/LTD,B41,Peak,5918.732,800,7.3957725
2021-03-01,Brooklyn,1,LCL/LTD,B41,Off-Peak,49103.72,6850,7.1678796
2021-03-01,Brooklyn,1,LCL/LTD,B41,Peak,21301.27,3119,6.8286195
2021-03-01,Brooklyn,2,LCL/LTD,B41,Off-Peak,14050.413,1864,7.5356417
2021-03-01,Brooklyn,2,LCL/LTD,B41,Peak,5217.653,705,7.3945923
2021-04-01,Brooklyn,1,LCL/LTD,B41,Off-Peak,47132.21,6702,7.0317
2021-04-01,Brooklyn,1,LCL/LTD,B41,Peak,20443.982,3049,6.7037525
2021-04-01,Brooklyn,2,LCL/LTD,B41,Off-Peak,13280.051,1768,7.5084295
2021-04-01,Brooklyn,2,LCL/LTD,B41,Peak,4858.674,650,7.4652324
2021-05-01,Brooklyn,1,LCL/LTD,B41,Off-Peak,42557.55,6103,6.9729304
2021-05-01,Brooklyn,1,LCL/LTD,B41,Peak,18686.02,2785,6.708968
2021-05-01,Brooklyn,2,LCL/LTD,B41,Off-Peak,16471.365,2237,7.360048
2021-05-01,Brooklyn,2,LCL/LTD,B41,Peak,6030.299,825,7.3062625
2021-06-01,Brooklyn,1,LCL/LTD,B41,Off-Peak,47075.363,6869,6.853291
2021-06-01,Brooklyn,1,LCL/LTD,B41,Peak,19833.629,3018,6.5713167
2021-06-01,Brooklyn,2,LCL/LTD,B41,Off-Peak,12762.625,1797,7.101364
2021-06-01,Brooklyn,2,LCL/LTD,B41,Peak,4488.684,633,7.0826645
2021-07-01,Brooklyn,1,LCL/LTD,B41,Off-Peak,44797.535,6474,6.9192743
2021-07-01,Brooklyn,1,LCL/LTD,B41,Peak,18689.016,2798,6.678844
2021-07-01,Brooklyn,2,LCL/LTD,B41,Off-Peak,18268.34,2439,7.488783
2021-07-01,Brooklyn,2,LCL/LTD,B41,Peak,7158.107,966,7.4081655
2021-08-01,Brooklyn,1,LCL/LTD,B41,Off-Peak,45173.38,6548,6.89836
2021-08-01,Brooklyn,1,LCL/LTD,B41,Peak,18988.229,2839,6.6867404
2021-08-01,Brooklyn,2,LCL/LTD,B41,Off-Peak,14762.39,1984,7.43857
2021-08-01,Brooklyn,2,LCL/LTD,B41,Peak,5552.11,752,7.3735704
2021-09-01,Brooklyn,1,LCL/LTD,B41,Off-Peak,41341.71,6169,6.7008605
2021-09-01,Brooklyn,1,LCL/LTD,B41,Peak,17295.7,2736,6.319533
2021-09-01,Brooklyn,2,LCL/LTD,B41,Off-Peak,13866.12,1956,7.086748
2021-09-01,Brooklyn,2,LCL/LTD,B41,Peak,5285.956,759,6.959797
2021-10-01,Brooklyn,1,LCL/LTD,B41,Off-Peak,41647.43,6192,6.7256618
2021-10-01,Brooklyn,1,LCL/LTD,B41,Peak,16946.77,2740,6.182812
2021-10-01,Brooklyn,2,LCL/LTD,B41,Off-Peak,16892.867,2344,7.2064757
2021-10-01,Brooklyn,2,LCL/LTD,B41,Peak,5973.363,851,7.0168734
2021-11-01,Brooklyn,1,LCL/LTD,B41,Off-Peak,43118.316,6340,6.80049
2021-11-01,Brooklyn,1,LCL/LTD,B41,Peak,17636.342,2823,6.245494
2021-11-01,Brooklyn,2,LCL/LTD,B41,Off-Peak,14644.719,1965,7.4507504
2021-11-01,Brooklyn,2,LCL/LTD,B41,Peak,5311.494,734,7.2311273
2021-12-01,Brooklyn,1,LCL/LTD,B41,Off-Peak,42082.5,6151,6.8411374
2021-12-01,Brooklyn,1,LCL/LTD,B41,Peak,17331.35,2695,6.4301686
2021-12-01,Brooklyn,2,LCL/LTD,B41,Off-Peak,14652.168,2004,7.3106594
2021-12-01,Brooklyn,2,LCL/LTD,B41,Peak,5296.127,737,7.183194
2022-01-01,Brooklyn,1,LCL/LTD,B41,Off-Peak,38898.973,5507,7.0632453
2022-01-01,Brooklyn,1,LCL/LTD,B41,Peak,16801.29,2600,6.4610868
2022-01-01,Brooklyn,2,LCL/LTD,B41,Off-Peak,17592.19,2296,7.6603403
2022-01-01,Brooklyn,2,LCL/LTD,B41,Peak,6815.253,926,7.354206
2022-02-01,Brooklyn,1,LCL/LTD,B41,Off-Peak,37679.215,5521,6.8235974
2022-02-01,Brooklyn,1,LCL/LTD,B41,Peak,15997.103,2545,6.2838407
2022-02-01,Brooklyn,2,LCL/LTD,B41,Off-Peak,15962.079,2143,7.447056
2022-02-01,Brooklyn,2,LCL/LTD,B41,Peak,5708.577,798,7.150723
2022-03-01,Brooklyn,1,LCL/LTD,B41,Off-Peak,45814.566,6705,6.832669
2022-03-01,Brooklyn,1,LCL/LTD,B41,Peak,19296.467,3046,6.3340507
2022-03-01,Brooklyn,2,LCL/LTD,B41,Off-Peak,13328.588,1802,7.3933935
2022-03-01,Brooklyn,2,LCL/LTD,B41,Peak,4757.342,660,7.2052436
2022-04-01,Brooklyn,1,LCL/LTD,B41,Off-Peak,43370.17,6407,6.768607
2022-04-01,Brooklyn,1,LCL/LTD,B41,Peak,18948.055,2944,6.4360867
2022-04-01,Brooklyn,2,LCL/LTD,B41,Off-Peak,15267.034,2126,7.1779037
2022-04-01,Brooklyn,2,LCL/LTD,B41,Peak,5670.924,784,7.2307415
2022-05-01,Brooklyn,1,LCL/LTD,B41,Off-Peak,43149.184,6391,6.7513185
2022-05-01,Brooklyn,1,LCL/LTD,B41,Peak,18327.127,2880,6.3619046
2022-05-01,Brooklyn,2,LCL/LTD,B41,Off-Peak,15959.3125,2227,7.1652865
2022-05-01,Brooklyn,2,LCL/LTD,B41,Peak,5828.58,832,7.004527
2022-06-01,Brooklyn,1,LCL/LTD,B41,Off-Peak,45564.45,6810,6.6906557
2022-06-01,Brooklyn,1,LCL/LTD,B41,Peak,18980.658,2953,6.4256825
2022-06-01,Brooklyn,2,LCL/LTD,B41,Off-Peak,12902.707,1819,7.0929265
2022-06-01,Brooklyn,2,LCL/LTD,B41,Peak,4435.998,644,6.887215
2022-07-01,Brooklyn,1,LCL/LTD,B41,Off-Peak,43729.58,6328,6.909809
2022-07-01,Brooklyn,1,LCL/LTD,B41,Peak,18151.64,2693,6.7382755
2022-07-01,Brooklyn,2,LCL/LTD,B41,Off-Peak,20152.834,2723,7.400251
2022-07-01,Brooklyn,2,LCL/LTD,B41,Peak,7235.871,989,7.3125
2022-08-01,Brooklyn,1,LCL/LTD,B41,Off-Peak,48475.78,7041,6.884659
2022-08-01,Brooklyn,1,LCL/LTD,B41,Peak,19551.047,2898,6.7448378
2022-08-01,Brooklyn,2,LCL/LTD,B41,Off-Peak,13865.52,1910,7.25655
2022-08-01,Brooklyn,2,LCL/LTD,B41,Peak,5154.455,715,7.208969
2022-09-01,Brooklyn,1,LCL/LTD,B41,Off-Peak,39023.105,5833,6.689773
2022-09-01,Brooklyn,1,LCL/LTD,B41,Peak,16265.345,2615,6.217772
2022-09-01,Brooklyn,2,LCL/LTD,B41,Off-Peak,13883.027,1933,7.180427
2022-09-01,Brooklyn,2,LCL/LTD,B41,Peak,4988.232,702,7.099569
2022-10-01,Brooklyn,1,LCL/LTD,B41,Off-Peak,42176.566,6286,6.709198
2022-10-01,Brooklyn,1,LCL/LTD,B41,Peak,18079.176,2895,6.2434545
2022-10-01,Brooklyn,2,LCL/LTD,B41,Off-Peak,16859.574,2396,7.0363646
2022-10-01,Brooklyn,2,LCL/LTD,B41,Peak,6075.848,875,6.943383
2022-11-01,Brooklyn,1,LCL/LTD,B41,Off-Peak,40933.152,6129,6.6784716
2022-11-01,Brooklyn,1,LCL/LTD,B41,Peak,17177.719,2744,6.259691
2022-11-01,Brooklyn,2,LCL/LTD,B41,Off-Peak,16931.904,2338,7.240497
2022-11-01,Brooklyn,2,LCL/LTD,B41,Peak,6444.098,920,6.9970856
2022-12-01,Brooklyn,1,LCL/LTD,B41,Off-Peak,42608.926,6326,6.735318
2022-12-01,Brooklyn,1,LCL/LTD,B41,Peak,17944.705,2852,6.2914305
2022-12-01,Brooklyn,2,LCL/LTD,B41,Off-Peak,16930.799,2294,7.380428
2022-12-01,Brooklyn,2,LCL/LTD,B41,Peak,6131.704,853,7.184445
2023-01-01,Brooklyn,1,LCL/LTD,B41,Off-Peak,42402.57,6170,6.871672
2023-01-01,Brooklyn,1,LCL/LTD,B41,Peak,18547.531,2896,6.4024863
2023-01-01,Brooklyn,2,LCL/LTD,B41,Off-Peak,20087.922,2675,7.5088515
2023-01-01,Brooklyn,2,LCL/LTD,B41,Peak,7622.176,1039,7.331565
2023-02-01,Brooklyn,1,LCL/LTD,B41,Off-Peak,41239.62,5955,6.924354
2023-02-01,Brooklyn,1,LCL/LTD,B41,Peak,18192.414,2821,6.447731
2023-02-01,Brooklyn,2,LCL/LTD,B41,Off-Peak,16589.432,2226,7.449996
2023-02-01,Brooklyn,2,LCL/LTD,B41,Peak,6196.295,858,7.219468
2023-03-01,Brooklyn,1,LCL/LTD,B41,Off-Peak,50773.777,7441,6.8226757
2023-03-01,Brooklyn,1,LCL/LTD,B41,Peak,22786.176,3547,6.4227657
2023-03-01,Brooklyn,2,LCL/LTD,B41,Off-Peak,13826.274,1918,7.2052093
2023-03-01,Brooklyn,2,LCL/LTD,B41,Peak,4901.289,697,7.0278726
2023-04-01,Brooklyn,1,LCL/LTD,B41,Off-Peak,44773.367,6431,6.9618187
2023-04-01,Brooklyn,1,LCL/LTD,B41,Peak,20383.38,3091,6.5942416
2023-04-01,Brooklyn,2,LCL/LTD,B41,Off-Peak,16413.18,2306,7.115109
2023-04-01,Brooklyn,2,LCL/LTD,B41,Peak,6021.89,846,7.1144524
2023-05-01,Brooklyn,1,LCL/LTD,B41,Off-Peak,47297.58,6929,6.825627
2023-05-01,Brooklyn,1,LCL/LTD,B41,Peak,21297.828,3371,6.317615
2023-05-01,Brooklyn,2,LCL/LTD,B41,Off-Peak,14625.752,2078,7.03527
2023-05-01,Brooklyn,2,LCL/LTD,B41,Peak,5540.373,788,7.0258927
2023-06-01,Brooklyn,1,LCL/LTD,B41,Off-Peak,47767.26,7017,6.8065777
2023-06-01,Brooklyn,1,LCL/LTD,B41,Peak,21687.678,3374,6.4276414
2023-06-01,Brooklyn,2,LCL/LTD,B41,Off-Peak,13933.871,1959,7.1120377
2023-06-01,Brooklyn,2,LCL/LTD,B41,Peak,5136.658,731,7.0213795
2023-07-01,Brooklyn,1,LCL/LTD,B41,Off-Peak,43932.984,6437,6.8244753
2023-07-01,Brooklyn,1,LCL/LTD,B41,Peak,19079.135,2916,6.5408864
2023-07-01,Brooklyn,2,LCL/LTD,B41,Off-Peak,19456.219,2685,7.2453003
2023-07-01,Brooklyn,2,LCL/LTD,B41,Peak,7121.017,997,7.137606
2023-08-01,Brooklyn,1,LCL/LTD,B41,Off-Peak,50424.547,7372,6.839791
2023-08-01,Brooklyn,1,LCL/LTD,B41,Peak,21621.912,3259,6.6342273
2023-08-01,Brooklyn,2,LCL/LTD,B41,Off-Peak,14452.756,2001,7.220903
2023-08-01,Brooklyn,2,LCL/LTD,B41,Peak,5262.084,736,7.1425323
2023-09-01,Brooklyn,1,LCL/LTD,B41,Off-Peak,38276.23,5821,6.575538
2023-09-01,Brooklyn,1,LCL/LTD,B41,Peak,17423.062,2869,6.071
2023-09-01,Brooklyn,2,LCL/LTD,B41,Off-Peak,15120.714,2172,6.961363
2023-09-01,Brooklyn,2,LCL/LTD,B41,Peak,5554.983,802,6.9189982
2023-10-01,Brooklyn,1,LCL/LTD,B41,Off-Peak,44235.6,6707,6.595154
2023-10-01,Brooklyn,1,LCL/LTD,B41,Peak,19943.38,3258,6.121072
2023-10-01,Brooklyn,2,LCL/LTD,B41,Off-Peak,14158.843,2063,6.861244
2023-10-01,Brooklyn,2,LCL/LTD,B41,Peak,5028.933,746,6.7355165
2023-11-01,Brooklyn,1,LCL/LTD,B41,Off-Peak,43391.81,6461,6.7157435
2023-11-01,Brooklyn,1,LCL/LTD,B41,Peak,19531.941,3168,6.1649404
2023-11-01,Brooklyn,2,LCL/LTD,B41,Off-Peak,13524.214,1860,7.267473
2023-11-01,Brooklyn,2,LCL/LTD,B41,Peak,4928.377,698,7.0506697
2023-12-01,Brooklyn,1,LCL/LTD,B41,Off-Peak,40032.973,5955,6.722139
2023-12-01,Brooklyn,1,LCL/LTD,B41,Peak,17875.006,2862,6.244029
2023-12-01,Brooklyn,2,LCL/LTD,B41,Off-Peak,17370.008,2398,7.2411575
2023-12-01,Brooklyn,2,LCL/LTD,B41,Peak,6309.394,884,7.132077
2024-01-01,Brooklyn,1,LCL/LTD,B41,Off-Peak,45325.387,6602,6.8644714
2024-01-01,Brooklyn,1,LCL/LTD,B41,Peak,20443.658,3191,6.4058895
2024-01-01,Brooklyn,2,LCL/LTD,B41,Off-Peak,16993.875,2269,7.486622
2024-01-01,Brooklyn,2,LCL/LTD,B41,Peak,6437.008,879,7.3176093
2024-02-01,Brooklyn,1,LCL/LTD,B41,Off-Peak,43011.96,6248,6.8836946
2024-02-01,Brooklyn,1,LCL/LTD,B41,Peak,19722.865,3098,6.3658824
2024-02-01,Brooklyn,2,LCL/LTD,B41,Off-Peak,15481.572,2088,7.4130816
2024-02-01,Brooklyn,2,LCL/LTD,B41,Peak,5581.235,787,7.0855303
2024-03-01,Brooklyn,1,LCL/LTD,B41,Off-Peak,44504.156,6667,6.6746836
2024-03-01,Brooklyn,1,LCL/LTD,B41,Peak,20364.021,3298,6.1737413
2024-03-01,Brooklyn,2,LCL/LTD,B41,Off-Peak,15848.405,2245,7.058217
2024-03-01,Brooklyn,2,LCL/LTD,B41,Peak,5545.458,801,6.9221554
2024-04-01,Brooklyn,1,LCL/LTD,B41,Off-Peak,48154.844,7085,6.7960935
2024-04-01,Brooklyn,1,LCL/LTD,B41,Peak,21329.322,3299,6.465117
2024-04-01,Brooklyn,2,LCL/LTD,B41,Off-Peak,13152.509,1861,7.066055
2024-04-01,Brooklyn,2,LCL/LTD,B41,Peak,4798.172,686,6.989973
2024-05-01,Brooklyn,1,LCL/LTD,B41,Off-Peak,45386.71,6953,6.52762
2024-05-01,Brooklyn,1,LCL/LTD,B41,Peak,19618.219,3270,5.998527
2024-05-01,Brooklyn,2,LCL/LTD,B41,Off-Peak,13004.38,1898,6.8482633
2024-05-01,Brooklyn,2,LCL/LTD,B41,Peak,4566.979,662,6.88862
2024-06-01,Brooklyn,1,LCL/LTD,B41,Off-Peak,40986.156,6235,6.573417
2024-06-01,Brooklyn,1,LCL/LTD,B41,Peak,18522.668,2938,6.3023906
2024-06-01,Brooklyn,2,LCL/LTD,B41,Off-Peak,15986.621,2309,6.922345
2024-06-01,Brooklyn,2,LCL/LTD,B41,Peak,5518.302,812,6.787918
2024-07-01,Brooklyn,1,LCL/LTD,B41,Off-Peak,45374.176,6626,6.847004
2024-07-01,Brooklyn,1,LCL/LTD,B41,Peak,20406.986,3068,6.6496167
2024-07-01,Brooklyn,2,LCL/LTD,B41,Off-Peak,15536.418,2090,7.4326043
2024-07-01,Brooklyn,2,LCL/LTD,B41,Peak,5792.763,790,7.3239923
2024-08-01,Brooklyn,1,LCL/LTD,B41,Off-Peak,44120.324,6562,6.723258
2024-08-01,Brooklyn,1,LCL/LTD,B41,Peak,19368.152,2925,6.61982
2024-08-01,Brooklyn,2,LCL/LTD,B41,Off-Peak,14409.139,2004,7.187564
2024-08-01,Brooklyn,2,LCL/LTD,B41,Peak,5189.806,738,7.0266056
2024-09-01,Brooklyn,1,LCL/LTD,B41,Off-Peak,41816.805,6254,6.685964
2024-09-01,Brooklyn,1,LCL/LTD,B41,Peak,19180.303,3090,6.206244
2024-09-01,Brooklyn,2,LCL/LTD,B41,Off-Peak,14641.617,2086,7.018337
2024-09-01,Brooklyn,2,LCL/LTD,B41,Peak,5442.026,772,7.044086
2024-10-01,Brooklyn,1,LCL/LTD,B41,Off-Peak,49343.133,7246,6.8094273
2024-10-01,Brooklyn,1,LCL/LTD,B41,Peak,22904.844,3630,6.3092303
2024-10-01,Brooklyn,2,LCL/LTD,B41,Off-Peak,13011.548,1824,7.133396
2024-10-01,Brooklyn,2,LCL/LTD,B41,Peak,4819.96,686,7.021765
2024-11-01,Brooklyn,1,LCL/LTD,B41,Off-Peak,39572,5854,6.759215
2024-11-01,Brooklyn,1,LCL/LTD,B41,Peak,18132.793,2889,6.2750573
2024-11-01,Brooklyn,2,LCL/LTD,B41,Off-Peak,17480.271,2373,7.3646946
2024-11-01,Brooklyn,2,LCL/LTD,B41,Peak,6452.852,908,7.106663
2024-12-01,Brooklyn,1,LCL/LTD,B41,Off-Peak,42448.67,6177,6.8710113
2024-12-01,Brooklyn,1,LCL/LTD,B41,Peak,19445.418,3043,6.390167
2024-12-01,Brooklyn,2,LCL/LTD,B41,Off-Peak,15555.382,2090,7.4412355
2024-12-01,Brooklyn,2,LCL/LTD,B41,Peak,5872.522,811,7.239647
2020-01-01,Brooklyn,1,LCL/LTD,B44+,Off-Peak,253.44899,28,8.878151
2020-01-01,Brooklyn,1,SBS,B44+,Off-Peak,27194.941,2898,9.382711
2020-01-01,Brooklyn,1,SBS,B44+,Peak,15294.099,1745,8.760413
2020-01-01,Brooklyn,2,SBS,B44+,Off-Peak,9583.919,947,10.110695
2020-01-01,Brooklyn,2,SBS,B44+,Peak,4403.271,434,10.135031
2020-02-01,Brooklyn,1,LCL/LTD,B44+,Off-Peak,193.104,22,8.57827
2020-02-01,Brooklyn,1,SBS,B44+,Off-Peak,24615.871,2652,9.278885
2020-02-01,Brooklyn,1,SBS,B44+,Peak,13457.398,1551,8.674499
2020-02-01,Brooklyn,2,SBS,B44+,Off-Peak,10072.116,1006,10.009949
2020-02-01,Brooklyn,2,SBS,B44+,Peak,4577.265,449,10.176888
2020-03-01,Brooklyn,1,LCL/LTD,B44+,Off-Peak,104.59799,12,8.557825
2020-03-01,Brooklyn,1,SBS,B44+,Off-Peak,26383.74,2720,9.697913
2020-03-01,Brooklyn,1,SBS,B44+,Peak,13804.221,1497,9.217384
2020-03-01,Brooklyn,2,SBS,B44+,Off-Peak,8622.107,814,10.586438
2020-03-01,Brooklyn,2,SBS,B44+,Peak,3997.211,371,10.765336
2020-04-01,Brooklyn,2,SBS,B44+,Off-Peak,23720.658,2167,10.944607
2020-04-01,Brooklyn,2,SBS,B44+,Peak,12236.854,1122,10.898055
2020-05-01,Brooklyn,1,SBS,B44+,Off-Peak,12702.75,1323,9.599526
2020-05-01,Brooklyn,1,SBS,B44+,Peak,6754.29,695,9.708392
2020-05-01,Brooklyn,2,SBS,B44+,Off-Peak,10696.919,1010,10.58899
2020-05-01,Brooklyn,2,SBS,B44+,Peak,5656.185,530,10.668189
2020-06-01,Brooklyn,1,SBS,B44+,Off-Peak,26377.334,2827,9.328515
2020-06-01,Brooklyn,1,SBS,B44+,Peak,12647.015,1373,9.207652
2020-06-01,Brooklyn,2,SBS,B44+,Off-Peak,7294.57,720,10.120891
2020-06-01,Brooklyn,2,SBS,B44+,Peak,3445.288,336,10.225573
2020-07-01,Brooklyn,1,SBS,B44+,Off-Peak,28967.938,3106,9.325504
2020-07-01,Brooklyn,1,SBS,B44+,Peak,14230.689,1563,9.100021
2020-07-01,Brooklyn,2,SBS,B44+,Off-Peak,8501.305,847,10.029073
2020-07-01,Brooklyn,2,SBS,B44+,Peak,4005.4421,388,10.31352
2020-08-01,Brooklyn,1,SBS,B44+,Off-Peak,27392.963,2999,9.131324
2020-08-01,Brooklyn,1,SBS,B44+,Peak,13623.885,1511,9.0124
2020-08-01,Brooklyn,2,SBS,B44+,Off-Peak,9501.945,958,9.909533
2020-08-01,Brooklyn,2,SBS,B44+,Peak,4463.189,437,10.198434
2020-09-01,Brooklyn,1,SBS,B44+,Off-Peak,25914.42,2921,8.869558
2020-09-01,Brooklyn,1,SBS,B44+,Peak,12686.635,1440,8.80914
2020-09-01,Brooklyn,2,SBS,B44+,Off-Peak,8240.166,849,9.70249
2020-09-01,Brooklyn,2,SBS,B44+,Peak,3953.358,404,9.78552
2020-10-01,Brooklyn,1,LCL/LTD,B44+,Off-Peak,217.24199,24,9.023551
2020-10-01,Brooklyn,1,SBS,B44+,Off-Peak,27287.988,3028,9.01068
2020-10-01,Brooklyn,1,SBS,B44+,Peak,15469.48,1788,8.647782
2020-10-01,Brooklyn,2,SBS,B44+,Off-Peak,8729.114,880,9.913095
2020-10-01,Brooklyn,2,SBS,B44+,Peak,3977.615,394,10.07062
2020-11-01,Brooklyn,1,LCL/LTD,B44+,Off-Peak,108.620995,11,9.141472
2020-11-01,Brooklyn,1,SBS,B44+,Off-Peak,25425.209,2803,9.068146
2020-11-01,Brooklyn,1,SBS,B44+,Peak,13543.885,1560,8.677951
2020-11-01,Brooklyn,2,SBS,B44+,Off-Peak,8820.38,904,9.752862
2020-11-01,Brooklyn,2,SBS,B44+,Peak,4052.449,413,9.811803
2020-12-01,Brooklyn,1,SBS,B44+,Off-Peak,25606.965,2873,8.910114
2020-12-01,Brooklyn,1,SBS,B44+,Peak,12627.618,1444,8.7399435
2020-12-01,Brooklyn,2,SBS,B44+,Off-Peak,8341.005,854,9.7622595
2020-12-01,Brooklyn,2,SBS,B44+,Peak,3935.433,394,9.966206
2021-01-01,Brooklyn,1,SBS,B44+,Off-Peak,24575.457,2645,9.289191
2021-01-01,Brooklyn,1,SBS,B44+,Peak,11906.853,1315,9.048504
2021-01-01,Brooklyn,2,SBS,B44+,Off-Peak,11170.438,1133,9.853839
2021-01-01,Brooklyn,2,SBS,B44+,Peak,5126.461,518,9.895407
2021-02-01,Brooklyn,1,LCL/LTD,B44+,Off-Peak,24.138,2,8.337824
2021-02-01,Brooklyn,1,SBS,B44+,Off-Peak,18201.812,2195,8.290748
2021-02-01,Brooklyn,1,SBS,B44+,Peak,9011.506,1119,8.052093
2021-02-01,Brooklyn,2,SBS,B44+,Off-Peak,7722.944,843,9.152112
2021-02-01,Brooklyn,2,SBS,B44+,Peak,3499.208,372,9.402493
2021-03-01,Brooklyn,1,LCL/LTD,B44+,Off-Peak,245.40298,27,8.990676
2021-03-01,Brooklyn,1,SBS,B44+,Off-Peak,27382.43,3067,8.92587
2021-03-01,Brooklyn,1,SBS,B44+,Peak,15252.264,1757,8.68039
2021-03-01,Brooklyn,2,SBS,B44+,Off-Peak,7400.32,772,9.574548
2021-03-01,Brooklyn,2,SBS,B44+,Peak,3296.777,339,9.718715
2021-04-01,Brooklyn,1,LCL/LTD,B44+,Off-Peak,249.426,28,8.776596
2021-04-01,Brooklyn,1,SBS,B44+,Off-Peak,27744.328,3147,8.814534
2021-04-01,Brooklyn,1,SBS,B44+,Peak,15301.001,1782,8.582856
2021-04-01,Brooklyn,2,SBS,B44+,Off-Peak,7175.98,750,9.565041
2021-04-01,Brooklyn,2,SBS,B44+,Peak,3241.341,328,9.876199
2021-05-01,Brooklyn,1,LCL/LTD,B44+,Off-Peak,253.44899,28,8.945084
2021-05-01,Brooklyn,1,SBS,B44+,Off-Peak,24782.316,2795,8.863894
2021-05-01,Brooklyn,1,SBS,B44+,Peak,13846.887,1617,8.559563
2021-05-01,Brooklyn,2,SBS,B44+,Off-Peak,8512.7295,894,9.516689
2021-05-01,Brooklyn,2,SBS,B44+,Peak,4058.51,410,9.881606
2021-06-01,Brooklyn,1,LCL/LTD,B44+,Off-Peak,229.31099,26,8.500171
2021-06-01,Brooklyn,1,SBS,B44+,Off-Peak,27246.148,3099,8.790255
2021-06-01,Brooklyn,1,SBS,B44+,Peak,15158.207,1772,8.549722
2021-06-01,Brooklyn,2,SBS,B44+,Off-Peak,6768.987,731,9.2582855
2021-06-01,Brooklyn,2,SBS,B44+,Peak,3214.12,330,9.724132
2021-07-01,Brooklyn,1,SBS,B44+,Off-Peak,26682.271,2963,9.00284
2021-07-01,Brooklyn,1,SBS,B44+,Peak,13062.174,1490,8.761147
2021-07-01,Brooklyn,2,SBS,B44+,Off-Peak,9143.514,950,9.622343
2021-07-01,Brooklyn,2,SBS,B44+,Peak,4362.102,438,9.937784
2021-08-01,Brooklyn,1,SBS,B44+,Off-Peak,26927.244,3055,8.812234
2021-08-01,Brooklyn,1,SBS,B44+,Peak,13186.167,1512,8.72065
2021-08-01,Brooklyn,2,SBS,B44+,Off-Peak,8262.587,874,9.450607
2021-08-01,Brooklyn,2,SBS,B44+,Peak,3908.9521,402,9.715557
2021-09-01,Brooklyn,1,LCL/LTD,B44+,Off-Peak,164.943,20,8.1412
2021-09-01,Brooklyn,1,SBS,B44+,Off-Peak,25311.55,2890,8.7557335
2021-09-01,Brooklyn,1,SBS,B44+,Peak,13702.263,1624,8.435466
2021-09-01,Brooklyn,2,SBS,B44+,Off-Peak,7593.7,844,8.988191
2021-09-01,Brooklyn,2,SBS,B44+,Peak,3453.635,368,9.373861
2021-10-01,Brooklyn,1,LCL/LTD,B44+,Off-Peak,269.541,33,8.063183
2021-10-01,Brooklyn,1,SBS,B44+,Off-Peak,25557.508,3019,8.464773
2021-10-01,Brooklyn,1,SBS,B44+,Peak,14090.694,1762,7.996584
2021-10-01,Brooklyn,2,SBS,B44+,Off-Peak,9009.595,975,9.23295
2021-10-01,Brooklyn,2,SBS,B44+,Peak,4244.379,453,9.3678875
2021-11-01,Brooklyn,1,LCL/LTD,B44+,Off-Peak,237.357,28,8.308071
2021-11-01,Brooklyn,1,SBS,B44+,Off-Peak,25483.965,2980,8.549631
2021-11-01,Brooklyn,1,SBS,B44+,Peak,13982.129,1741,8.029508
2021-11-01,Brooklyn,2,SBS,B44+,Off-Peak,7936.565,854,9.283057
2021-11-01,Brooklyn,2,SBS,B44+,Peak,3849.274,401,9.596873
2021-12-01,Brooklyn,1,LCL/LTD,B44+,Off-Peak,225.288,27,8.118324
2021-12-01,Brooklyn,1,SBS,B44+,Off-Peak,26729.984,3043,8.78271
2021-12-01,Brooklyn,1,SBS,B44+,Peak,14537.976,1744,8.335955
2021-12-01,Brooklyn,2,SBS,B44+,Off-Peak,8128.366,861,9.4394655
2021-12-01,Brooklyn,2,SBS,B44+,Peak,3769.845,390,9.648416
2022-01-01,Brooklyn,1,LCL/LTD,B44+,Off-Peak,249.426,29,8.483638
2022-01-01,Brooklyn,1,SBS,B44+,Off-Peak,21779.4,2476,8.795345
2022-01-01,Brooklyn,1,SBS,B44+,Peak,12268.504,1491,8.223331
2022-01-01,Brooklyn,2,SBS,B44+,Off-Peak,8533.07,904,9.438596
2022-01-01,Brooklyn,2,SBS,B44+,Peak,4082.468,428,9.534355
2022-02-01,Brooklyn,1,LCL/LTD,B44+,Off-Peak,181.03499,21,8.319093
2022-02-01,Brooklyn,1,SBS,B44+,Off-Peak,22406.56,2586,8.664486
2022-02-01,Brooklyn,1,SBS,B44+,Peak,12268.406,1520,8.0703535
2022-02-01,Brooklyn,2,SBS,B44+,Off-Peak,8181.463,867,9.434764
2022-02-01,Brooklyn,2,SBS,B44+,Peak,3812.4,393,9.689792
2022-03-01,Brooklyn,1,LCL/LTD,B44+,Off-Peak,341.955,40,8.431017
2022-03-01,Brooklyn,1,SBS,B44+,Off-Peak,28753.008,3306,8.6946745
2022-03-01,Brooklyn,1,SBS,B44+,Peak,16377.649,1976,8.285782
2022-03-01,Brooklyn,2,SBS,B44+,Off-Peak,7508.83,795,9.4382925
2022-03-01,Brooklyn,2,SBS,B44+,Peak,3387.531,348,9.71606
2022-04-01,Brooklyn,1,LCL/LTD,B44+,Off-Peak,237.357,29,8.132609
2022-04-01,Brooklyn,1,SBS,B44+,Off-Peak,26151.143,2971,8.800084
2022-04-01,Brooklyn,1,SBS,B44+,Peak,14113.639,1656,8.51777
2022-04-01,Brooklyn,2,SBS,B44+,Off-Peak,8127.332,875,9.278053
2022-04-01,Brooklyn,2,SBS,B44+,Peak,3790.899,389,9.744985
2022-05-01,Brooklyn,1,LCL/LTD,B44+,Off-Peak,277.587,35,7.8608093
2022-05-01,Brooklyn,1,SBS,B44+,Off-Peak,25398.537,2931,8.664757
2022-05-01,Brooklyn,1,SBS,B44+,Peak,14393.296,1749,8.225269
2022-05-01,Brooklyn,2,SBS,B44+,Off-Peak,8651.538,939,9.208981
2022-05-01,Brooklyn,2,SBS,B44+,Peak,4030.067,420,9.591681
2022-06-01,Brooklyn,1,LCL/LTD,B44+,Off-Peak,241.38,29,8.111417
2022-06-01,Brooklyn,1,SBS,B44+,Off-Peak,27386.34,3170,8.63695
2022-06-01,Brooklyn,1,SBS,B44+,Peak,14769.349,1746,8.4545765
2022-06-01,Brooklyn,2,SBS,B44+,Off-Peak,7325.023,795,9.208289
2022-06-01,Brooklyn,2,SBS,B44+,Peak,3274.465,341,9.58479
2022-07-01,Brooklyn,1,SBS,B44+,Off-Peak,25833.604,2869,9.00403
2022-07-01,Brooklyn,1,SBS,B44+,Peak,12744.84,1428,8.921074
2022-07-01,Brooklyn,2,SBS,B44+,Off-Peak,10489.065,1083,9.681258
2022-07-01,Brooklyn,2,SBS,B44+,Peak,4875.727,489,9.963884
2022-08-01,Brooklyn,1,SBS,B44+,Off-Peak,27270.48,3034,8.987453
2022-08-01,Brooklyn,1,SBS,B44+,Peak,13255.34,1484,8.930034
2022-08-01,Brooklyn,2,SBS,B44+,Off-Peak,7024.6353,742,9.459029
2022-08-01,Brooklyn,2,SBS,B44+,Peak,3200.27,328,9.736332
2022-09-01,Brooklyn,1,LCL/LTD,B44+,Off-Peak,209.196,27,7.6330333
2022-09-01,Brooklyn,1,SBS,B44+,Off-Peak,21581.395,2567,8.404117
2022-09-01,Brooklyn,1,SBS,B44+,Peak,12110.031,1506,8.035979
2022-09-01,Brooklyn,2,SBS,B44+,Off-Peak,6425.609,717,8.961398
2022-09-01,Brooklyn,2,SBS,B44+,Peak,2961.885,314,9.40587
2022-10-01,Brooklyn,1,LCL/LTD,B44+,Off-Peak,265.518,33,7.8239264
2022-10-01,Brooklyn,1,SBS,B44+,Off-Peak,23956.47,2774,8.635296
2022-10-01,Brooklyn,1,SBS,B44+,Peak,13380.674,1639,8.1633835
2022-10-01,Brooklyn,2,SBS,B44+,Off-Peak,8925.6875,984,9.068301
2022-10-01,Brooklyn,2,SBS,B44+,Peak,3996.968,429,9.295497
2022-11-01,Brooklyn,1,LCL/LTD,B44+,Off-Peak,253.449,32,7.838561
2022-11-01,Brooklyn,1,SBS,B44+,Off-Peak,22576.287,2641,8.54562
2022-11-01,Brooklyn,1,SBS,B44+,Peak,12481.659,1550,8.050447
2022-11-01,Brooklyn,2,SBS,B44+,Off-Peak,8605.034,944,9.109873
2022-11-01,Brooklyn,2,SBS,B44+,Peak,3922.54,420,9.337077
2022-12-01,Brooklyn,1,LCL/LTD,B44+,Off-Peak,229.31099,29,7.6508555
2022-12-01,Brooklyn,1,SBS,B44+,Off-Peak,24086.613,2797,8.609923
2022-12-01,Brooklyn,1,SBS,B44+,Peak,13290.637,1610,8.250811
2022-12-01,Brooklyn,2,SBS,B44+,Off-Peak,9286.623,989,9.384379
2022-12-01,Brooklyn,2,SBS,B44+,Peak,4025.027,422,9.537313
2023-01-01,Brooklyn,1,LCL/LTD,B44+,Off-Peak,293.679,35,8.196646
2023-01-01,Brooklyn,1,SBS,B44+,Off-Peak,24374.23,2753,8.850539
2023-01-01,Brooklyn,1,SBS,B44+,Peak,13921.579,1662,8.375817
2023-01-01,Brooklyn,2,SBS,B44+,Off-Peak,10237.387,1070,9.561756
2023-01-01,Brooklyn,2,SBS,B44+,Peak,5014.419,518,9.672119
2023-02-01,Brooklyn,1,LCL/LTD,B44+,Off-Peak,225.288,27,8.120275
2023-02-01,Brooklyn,1,SBS,B44+,Off-Peak,23494.91,2683,8.755666
2023-02-01,Brooklyn,1,SBS,B44+,Peak,12859.683,1540,8.349035
2023-02-01,Brooklyn,2,SBS,B44+,Off-Peak,8439.337,883,9.555453
2023-02-01,Brooklyn,2,SBS,B44+,Peak,3955.777,407,9.696779
2023-03-01,Brooklyn,1,LCL/LTD,B44+,Off-Peak,333.909,40,8.150362
2023-03-01,Brooklyn,1,SBS,B44+,Off-Peak,27870.518,3235,8.614764
2023-03-01,Brooklyn,1,SBS,B44+,Peak,15573.821,1888,8.246972
2023-03-01,Brooklyn,2,SBS,B44+,Off-Peak,7313.558,789,9.259576
2023-03-01,Brooklyn,2,SBS,B44+,Peak,3414.5361,356,9.566909
2023-04-01,Brooklyn,1,LCL/LTD,B44+,Off-Peak,156.897,19,8.204361
2023-04-01,Brooklyn,1,SBS,B44+,Off-Peak,24476.49,2730,8.964727
2023-04-01,Brooklyn,1,SBS,B44+,Peak,13116.168,1514,8.6576395
2023-04-01,Brooklyn,2,SBS,B44+,Off-Peak,8406.353,916,9.172418
2023-04-01,Brooklyn,2,SBS,B44+,Peak,4131.638,435,9.497751
2023-05-01,Brooklyn,1,LCL/LTD,B44+,Off-Peak,317.817,38,8.223895
2023-05-01,Brooklyn,1,SBS,B44+,Off-Peak,25896.709,2996,8.642798
2023-05-01,Brooklyn,1,SBS,B44+,Peak,14764.6,1778,8.302325
2023-05-01,Brooklyn,2,SBS,B44+,Off-Peak,7178.807,797,9.006649
2023-05-01,Brooklyn,2,SBS,B44+,Peak,3625.073,385,9.410227
2023-06-01,Brooklyn,1,LCL/LTD,B44+,Off-Peak,241.37999,30,7.9576554
2023-06-01,Brooklyn,1,SBS,B44+,Off-Peak,26430.604,3031,8.717964
2023-06-01,Brooklyn,1,SBS,B44+,Peak,14391.433,1694,8.494884
2023-06-01,Brooklyn,2,SBS,B44+,Off-Peak,6828.455,754,9.051541
2023-06-01,Brooklyn,2,SBS,B44+,Peak,3323.275,352,9.4372425
2023-07-01,Brooklyn,1,SBS,B44+,Off-Peak,24912.53,2756,9.036433
2023-07-01,Brooklyn,1,SBS,B44+,Peak,12456.19,1426,8.732859
2023-07-01,Brooklyn,2,SBS,B44+,Off-Peak,10061.095,1061,9.475907
2023-07-01,Brooklyn,2,SBS,B44+,Peak,4778.231,488,9.771839
2023-08-01,Brooklyn,1,SBS,B44+,Off-Peak,27811.666,3121,8.909624
2023-08-01,Brooklyn,1,SBS,B44+,Peak,13613.637,1568,8.678488
2023-08-01,Brooklyn,2,SBS,B44+,Off-Peak,6733.5312,726,9.262514
2023-08-01,Brooklyn,2,SBS,B44+,Peak,3341.04,349,9.558649
2023-09-01,Brooklyn,1,LCL/LTD,B44+,Off-Peak,201.15,26,7.708865
2023-09-01,Brooklyn,1,SBS,B44+,Off-Peak,21215.586,2537,8.361867
2023-09-01,Brooklyn,1,SBS,B44+,Peak,11404.253,1421,8.021509
2023-09-01,Brooklyn,2,SBS,B44+,Off-Peak,7320.39,808,9.052022
2023-09-01,Brooklyn,2,SBS,B44+,Peak,3568.814,384,9.292106
2023-10-01,Brooklyn,1,LCL/LTD,B44+,Off-Peak,293.679,36,7.960758
2023-10-01,Brooklyn,1,SBS,B44+,Off-Peak,25901.127,3022,8.568972
2023-10-01,Brooklyn,1,SBS,B44+,Peak,14665.885,1798,8.15488
2023-10-01,Brooklyn,2,SBS,B44+,Off-Peak,7130.261,792,8.993443
2023-10-01,Brooklyn,2,SBS,B44+,Peak,3515.212,378,9.278924
2023-11-01,Brooklyn,1,LCL/LTD,B44+,Off-Peak,269.541,34,7.8421426
2023-11-01,Brooklyn,1,SBS,B44+,Off-Peak,24144.072,2818,8.565212
2023-11-01,Brooklyn,1,SBS,B44+,Peak,13604.589,1681,8.0922575
2023-11-01,Brooklyn,2,SBS,B44+,Off-Peak,7468.501,813,9.175971
2023-11-01,Brooklyn,2,SBS,B44+,Peak,3513.535,373,9.403824
2023-12-01,Brooklyn,1,LCL/LTD,B44+,Off-Peak,229.311,28,7.9273977
2023-12-01,Brooklyn,1,SBS,B44+,Off-Peak,23641.818,2732,8.6535015
2023-12-01,Brooklyn,1,SBS,B44+,Peak,12626.096,1527,8.267712
2023-12-01,Brooklyn,2,SBS,B44+,Off-Peak,8819.012,948,9.299453
2023-12-01,Brooklyn,2,SBS,B44+,Peak,4269.616,450,9.46971
2024-01-01,Brooklyn,1,LCL/LTD,B44+,Off-Peak,305.748,36,8.299536
2024-01-01,Brooklyn,1,SBS,B44+,Off-Peak,24714.984,2848,8.676522
2024-01-01,Brooklyn,1,SBS,B44+,Peak,14002.607,1709,8.193019
2024-01-01,Brooklyn,2,SBS,B44+,Off-Peak,8975.39,948,9.458479
2024-01-01,Brooklyn,2,SBS,B44+,Peak,4300.809,444,9.674517
2024-02-01,Brooklyn,1,LCL/LTD,B44+,Off-Peak,225.288,29,7.768403
2024-02-01,Brooklyn,1,SBS,B44+,Off-Peak,22975.918,2612,8.79508
2024-02-01,Brooklyn,1,SBS,B44+,Peak,13004.253,1565,8.306879
2024-02-01,Brooklyn,2,SBS,B44+,Off-Peak,7374.679,787,9.367408
2024-02-01,Brooklyn,2,SBS,B44+,Peak,3588.791,379,9.450667
2024-03-01,Brooklyn,1,LCL/LTD,B44+,Off-Peak,289.656,35,8.054452
2024-03-01,Brooklyn,1,SBS,B44+,Off-Peak,24858.277,2896,8.58103
2024-03-01,Brooklyn,1,SBS,B44+,Peak,14271.621,1745,8.177396
2024-03-01,Brooklyn,2,SBS,B44+,Off-Peak,8335.29,913,9.121958
2024-03-01,Brooklyn,2,SBS,B44+,Peak,3992.391,424,9.412341
2024-04-01,Brooklyn,1,LCL/LTD,B44+,Off-Peak,181.035,23,7.6204767
2024-04-01,Brooklyn,1,SBS,B44+,Off-Peak,25591.797,2933,8.723164
2024-04-01,Brooklyn,1,SBS,B44+,Peak,13475.113,1606,8.389116
2024-04-01,Brooklyn,2,SBS,B44+,Off-Peak,6584.586,723,9.101213
2024-04-01,Brooklyn,2,SBS,B44+,Peak,3272.772,347,9.418064
2024-05-01,Brooklyn,1,LCL/LTD,B44+,Off-Peak,309.771,41,7.547005
2024-05-01,Brooklyn,1,SBS,B44+,Off-Peak,25276.77,2976,8.490986
2024-05-01,Brooklyn,1,SBS,B44+,Peak,14494.529,1799,8.056688
2024-05-01,Brooklyn,2,SBS,B44+,Off-Peak,6838.766,761,8.983709
2024-05-01,Brooklyn,2,SBS,B44+,Peak,3281.744,350,9.368389
2024-06-01,Brooklyn,1,LCL/LTD,B44+,Off-Peak,201.15,25,7.7660756
2024-06-01,Brooklyn,1,SBS,B44+,Off-Peak,22251.012,2617,8.500098
2024-06-01,Brooklyn,1,SBS,B44+,Peak,12079.721,1450,8.328946
2024-06-01,Brooklyn,2,SBS,B44+,Off-Peak,7541.324,846,8.910674
2024-06-01,Brooklyn,2,SBS,B44+,Peak,3497.065,375,9.317715
2024-07-01,Brooklyn,1,SBS,B44+,Off-Peak,26179.21,2908,9.00226
2024-07-01,Brooklyn,1,SBS,B44+,Peak,13061.389,1499,8.709082
2024-07-01,Brooklyn,2,SBS,B44+,Off-Peak,8236.368,863,9.536961
2024-07-01,Brooklyn,2,SBS,B44+,Peak,3944.999,398,9.896937
2024-08-01,Brooklyn,1,SBS,B44+,Off-Peak,26499.994,2973,8.911446
2024-08-01,Brooklyn,1,SBS,B44+,Peak,13101.869,1506,8.697676
2024-08-01,Brooklyn,2,SBS,B44+,Off-Peak,7730.559,839,9.203969
2024-08-01,Brooklyn,2,SBS,B44+,Peak,3783.941,395,9.560664
2024-09-01,Brooklyn,1,LCL/LTD,B44+,Off-Peak,257.472,31,8.108645
2024-09-01,Brooklyn,1,SBS,B44+,Off-Peak,19923.555,2379,8.373214
2024-09-01,Brooklyn,1,SBS,B44+,Peak,11586.461,1463,7.9143996
2024-09-01,Brooklyn,2,SBS,B44+,Off-Peak,6816.154,764,8.912326
2024-09-01,Brooklyn,2,SBS,B44+,Peak,2991.575,317,9.412401
2024-10-01,Brooklyn,1,LCL/LTD,B44+,Off-Peak,281.61,33,8.498726
2024-10-01,Brooklyn,1,SBS,B44+,Off-Peak,25787.977,2939,8.7720175
2024-10-01,Brooklyn,1,SBS,B44+,Peak,14346.933,1721,8.333136
2024-10-01,Brooklyn,2,SBS,B44+,Off-Peak,6294.724,698,9.015907
2024-10-01,Brooklyn,2,SBS,B44+,Peak,2862.032,305,9.362505
2024-11-01,Brooklyn,1,LCL/LTD,B44+,Off-Peak,221.265,26,8.220541
2024-11-01,Brooklyn,1,SBS,B44+,Off-Peak,21460.639,2480,8.652859
2024-11-01,Brooklyn,1,SBS,B44+,Peak,11907.705,1480,8.045657
2024-11-01,Brooklyn,2,SBS,B44+,Off-Peak,9280.278,1006,9.221058
2024-11-01,Brooklyn,2,SBS,B44+,Peak,4502.895,481,9.355656
2024-12-01,Brooklyn,1,LCL/LTD,B44+,Off-Peak,201.15,23,8.45247
2024-12-01,Brooklyn,1,SBS,B44+,Off-Peak,23243.059,2693,8.628102
2024-12-01,Brooklyn,1,SBS,B44+,Peak,12914.695,1573,8.205646
2024-12-01,Brooklyn,2,SBS,B44+,Off-Peak,8268.613,880,9.396035
2024-12-01,Brooklyn,2,SBS,B44+,Peak,3706.666,386,9.595919
2020-01-01,Brooklyn,1,LCL/LTD,B6,Off-Peak,74574.08,9481,7.8653555
2020-01-01,Brooklyn,1,LCL/LTD,B6,Peak,30970.354,4503,6.876773
2020-01-01,Brooklyn,2,LCL/LTD,B6,Off-Peak,23787.402,2887,8.23919
2020-01-01,Brooklyn,2,LCL/LTD,B6,Peak,9252.903,1182,7.8267994
2020-02-01,Brooklyn,1,LCL/LTD,B6,Off-Peak,65225.914,8361,7.800877
2020-02-01,Brooklyn,1,LCL/LTD,B6,Peak,26993.424,3980,6.781165
2020-02-01,Brooklyn,2,LCL/LTD,B6,Off-Peak,24354.254,2970,8.199126
2020-02-01,Brooklyn,2,LCL/LTD,B6,Peak,9264.096,1175,7.8784757
2020-03-01,Brooklyn,1,LCL/LTD,B6,Off-Peak,69571.22,8475,8.208137
2020-03-01,Brooklyn,1,LCL/LTD,B6,Peak,28530.97,3921,7.2754383
2020-03-01,Brooklyn,2,LCL/LTD,B6,Off-Peak,21029.738,2459,8.54999
2020-03-01,Brooklyn,2,LCL/LTD,B6,Peak,7942.295,962,8.251216
2020-04-01,Brooklyn,2,LCL/LTD,B6,Off-Peak,54332.29,6181,8.790087
2020-04-01,Brooklyn,2,LCL/LTD,B6,Peak,20636.723,2453,8.409671
2020-05-01,Brooklyn,1,LCL/LTD,B6,Off-Peak,31279.924,3604,8.677759
2020-05-01,Brooklyn,1,LCL/LTD,B6,Peak,11646.9375,1411,8.251278
2020-05-01,Brooklyn,2,LCL/LTD,B6,Off-Peak,26433.508,3006,8.791206
2020-05-01,Brooklyn,2,LCL/LTD,B6,Peak,10126.598,1201,8.426039
2020-06-01,Brooklyn,1,LCL/LTD,B6,Off-Peak,67952.766,7929,8.569746
2020-06-01,Brooklyn,1,LCL/LTD,B6,Peak,27884.615,3533,7.8919992
2020-06-01,Brooklyn,2,LCL/LTD,B6,Off-Peak,18328.193,2125,8.621434
2020-06-01,Brooklyn,2,LCL/LTD,B6,Peak,6952.501,832,8.356207
2020-07-01,Brooklyn,1,LCL/LTD,B6,Off-Peak,69981.734,8248,8.484299
2020-07-01,Brooklyn,1,LCL/LTD,B6,Peak,29164.637,3814,7.6453314
2020-07-01,Brooklyn,2,LCL/LTD,B6,Off-Peak,20408.955,2419,8.436374
2020-07-01,Brooklyn,2,LCL/LTD,B6,Peak,7650.307,937,8.15841
2020-08-01,Brooklyn,1,LCL/LTD,B6,Off-Peak,65471.727,7768,8.428058
2020-08-01,Brooklyn,1,LCL/LTD,B6,Peak,27082.812,3562,7.60196
2020-08-01,Brooklyn,2,LCL/LTD,B6,Off-Peak,21661.328,2576,8.407664
2020-08-01,Brooklyn,2,LCL/LTD,B6,Peak,8172.899,1009,8.099745
2020-09-01,Brooklyn,1,LCL/LTD,B6,Off-Peak,63692.57,7563,8.420596
2020-09-01,Brooklyn,1,LCL/LTD,B6,Peak,26590.328,3519,7.5542164
2020-09-01,Brooklyn,2,LCL/LTD,B6,Off-Peak,18058.867,2115,8.538025
2020-09-01,Brooklyn,2,LCL/LTD,B6,Peak,6894.703,852,8.084957
2020-10-01,Brooklyn,1,LCL/LTD,B6,Off-Peak,72206.06,8656,8.341246
2020-10-01,Brooklyn,1,LCL/LTD,B6,Peak,30216.428,4095,7.3783154
2020-10-01,Brooklyn,2,LCL/LTD,B6,Off-Peak,19359.088,2249,8.604865
2020-10-01,Brooklyn,2,LCL/LTD,B6,Peak,7377.4287,901,8.18553
2020-11-01,Brooklyn,1,LCL/LTD,B6,Off-Peak,64882.734,7755,8.366115
2020-11-01,Brooklyn,1,LCL/LTD,B6,Peak,26889.367,3628,7.410356
2020-11-01,Brooklyn,2,LCL/LTD,B6,Off-Peak,20955.156,2466,8.495542
2020-11-01,Brooklyn,2,LCL/LTD,B6,Peak,7919.2417,977,8.101524
2020-12-01,Brooklyn,1,LCL/LTD,B6,Off-Peak,65915.57,7931,8.310758
2020-12-01,Brooklyn,1,LCL/LTD,B6,Peak,27048.996,3621,7.4694023
2020-12-01,Brooklyn,2,LCL/LTD,B6,Off-Peak,19292.938,2262,8.525749
2020-12-01,Brooklyn,2,LCL/LTD,B6,Peak,7334.179,913,8.026551
2021-01-01,Brooklyn,1,LCL/LTD,B6,Off-Peak,60041.957,7022,8.549539
2021-01-01,Brooklyn,1,LCL/LTD,B6,Peak,25235.492,3280,7.6916127
2021-01-01,Brooklyn,2,LCL/LTD,B6,Off-Peak,27302.754,3177,8.592822
2021-01-01,Brooklyn,2,LCL/LTD,B6,Peak,10451.361,1273,8.208661
2021-02-01,Brooklyn,1,LCL/LTD,B6,Off-Peak,52029.566,6325,8.224814
2021-02-01,Brooklyn,1,LCL/LTD,B6,Peak,21045.7,2876,7.3152595
2021-02-01,Brooklyn,2,LCL/LTD,B6,Off-Peak,20041.486,2353,8.515007
2021-02-01,Brooklyn,2,LCL/LTD,B6,Peak,7558.641,935,8.078177
2021-03-01,Brooklyn,1,LCL/LTD,B6,Off-Peak,75470.52,9090,8.302363
2021-03-01,Brooklyn,1,LCL/LTD,B6,Peak,31383.402,4289,7.3171167
2021-03-01,Brooklyn,2,LCL/LTD,B6,Off-Peak,17578.365,2062,8.520989
2021-03-01,Brooklyn,2,LCL/LTD,B6,Peak,6718.569,825,8.135371
2021-04-01,Brooklyn,1,LCL/LTD,B6,Off-Peak,74254.49,9082,8.175263
2021-04-01,Brooklyn,1,LCL/LTD,B6,Peak,31773.771,4368,7.272689
2021-04-01,Brooklyn,2,LCL/LTD,B6,Off-Peak,17628.28,2092,8.4248495
2021-04-01,Brooklyn,2,LCL/LTD,B6,Peak,6835.9688,840,8.131468
2021-05-01,Brooklyn,1,LCL/LTD,B6,Off-Peak,63395.68,7829,8.097424
2021-05-01,Brooklyn,1,LCL/LTD,B6,Peak,27018.256,3744,7.215953
2021-05-01,Brooklyn,2,LCL/LTD,B6,Off-Peak,21227.617,2538,8.362285
2021-05-01,Brooklyn,2,LCL/LTD,B6,Peak,7888.228,975,8.09022
2021-06-01,Brooklyn,1,LCL/LTD,B6,Off-Peak,69572.63,8603,8.086881
2021-06-01,Brooklyn,1,LCL/LTD,B6,Peak,29396.889,4075,7.2128444
2021-06-01,Brooklyn,2,LCL/LTD,B6,Off-Peak,15859.265,1928,8.222347
2021-06-01,Brooklyn,2,LCL/LTD,B6,Peak,6000.292,750,8.000004
2021-07-01,Brooklyn,1,LCL/LTD,B6,Off-Peak,62945.91,7579,8.304276
2021-07-01,Brooklyn,1,LCL/LTD,B6,Peak,26628.713,3558,7.483304
2021-07-01,Brooklyn,2,LCL/LTD,B6,Off-Peak,22253.725,2652,8.391256
2021-07-01,Brooklyn,2,LCL/LTD,B6,Peak,8452.422,1035,8.160912
2021-08-01,Brooklyn,1,LCL/LTD,B6,Off-Peak,66825.336,8089,8.261124
2021-08-01,Brooklyn,1,LCL/LTD,B6,Peak,27415.31,3673,7.4637923
2021-08-01,Brooklyn,2,LCL/LTD,B6,Off-Peak,17795.285,2151,8.26968
2021-08-01,Brooklyn,2,LCL/LTD,B6,Peak,6803.192,848,8.013845
2021-09-01,Brooklyn,1,LCL/LTD,B6,Off-Peak,65828.805,8343,7.889768
2021-09-01,Brooklyn,1,LCL/LTD,B6,Peak,26840.023,3790,7.0805717
2021-09-01,Brooklyn,2,LCL/LTD,B6,Off-Peak,18457.48,2313,7.9771986
2021-09-01,Brooklyn,2,LCL/LTD,B6,Peak,7033.018,907,7.752687
2021-10-01,Brooklyn,1,LCL/LTD,B6,Off-Peak,65308.81,8506,7.6777678
2021-10-01,Brooklyn,1,LCL/LTD,B6,Peak,26652.076,3981,6.6931496
2021-10-01,Brooklyn,2,LCL/LTD,B6,Off-Peak,21051.914,2593,8.117184
2021-10-01,Brooklyn,2,LCL/LTD,B6,Peak,8034.239,1026,7.8232737
2021-11-01,Brooklyn,1,LCL/LTD,B6,Off-Peak,65796.41,8415,7.8182473
2021-11-01,Brooklyn,1,LCL/LTD,B6,Peak,26019.863,3843,6.769449
2021-11-01,Brooklyn,2,LCL/LTD,B6,Off-Peak,18704.795,2265,8.256887
2021-11-01,Brooklyn,2,LCL/LTD,B6,Peak,7134.6777,896,7.954943
2021-12-01,Brooklyn,1,LCL/LTD,B6,Off-Peak,63845.15,8110,7.871965
2021-12-01,Brooklyn,1,LCL/LTD,B6,Peak,25271.65,3620,6.980891
2021-12-01,Brooklyn,2,LCL/LTD,B6,Off-Peak,18509.596,2265,8.171018
2021-12-01,Brooklyn,2,LCL/LTD,B6,Peak,7150.3857,904,7.9032593
2022-01-01,Brooklyn,1,LCL/LTD,B6,Off-Peak,58920.47,7372,7.992228
2022-01-01,Brooklyn,1,LCL/LTD,B6,Peak,24243.805,3432,7.062116
2022-01-01,Brooklyn,2,LCL/LTD,B6,Off-Peak,20789.904,2518,8.254276
2022-01-01,Brooklyn,2,LCL/LTD,B6,Peak,7960.071,1030,7.7219806
2022-02-01,Brooklyn,1,LCL/LTD,B6,Off-Peak,61279.605,7764,7.8917904
2022-02-01,Brooklyn,1,LCL/LTD,B6,Peak,24654.969,3580,6.8868265
2022-02-01,Brooklyn,2,LCL/LTD,B6,Off-Peak,20143.738,2424,8.308113
2022-02-01,Brooklyn,2,LCL/LTD,B6,Peak,7716.4707,972,7.9317427
2022-03-01,Brooklyn,1,LCL/LTD,B6,Off-Peak,75504.3,9692,7.79034
2022-03-01,Brooklyn,1,LCL/LTD,B6,Peak,31388.201,4564,6.877199
2022-03-01,Brooklyn,2,LCL/LTD,B6,Off-Peak,17504.434,2130,8.217046
2022-03-01,Brooklyn,2,LCL/LTD,B6,Peak,6751.513,853,7.90955
2022-04-01,Brooklyn,1,LCL/LTD,B6,Off-Peak,68208.984,8701,7.8390775
2022-04-01,Brooklyn,1,LCL/LTD,B6,Peak,28142.562,4035,6.9743767
2022-04-01,Brooklyn,2,LCL/LTD,B6,Off-Peak,18977.44,2327,8.154402
2022-04-01,Brooklyn,2,LCL/LTD,B6,Peak,7300.13,924,7.8921084
2022-05-01,Brooklyn,1,LCL/LTD,B6,Off-Peak,67393.83,8711,7.736067
2022-05-01,Brooklyn,1,LCL/LTD,B6,Peak,27985.576,4116,6.799106
2022-05-01,Brooklyn,2,LCL/LTD,B6,Off-Peak,19437.533,2435,7.9814563
2022-05-01,Brooklyn,2,LCL/LTD,B6,Peak,7400.801,960,7.7042007
2022-06-01,Brooklyn,1,LCL/LTD,B6,Off-Peak,70218.516,8960,7.836232
2022-06-01,Brooklyn,1,LCL/LTD,B6,Peak,29005.225,4132,7.019105
2022-06-01,Brooklyn,2,LCL/LTD,B6,Off-Peak,16599.725,2095,7.9208975
2022-06-01,Brooklyn,2,LCL/LTD,B6,Peak,6437.883,834,7.7175207
2022-07-01,Brooklyn,1,LCL/LTD,B6,Off-Peak,62770.01,7662,8.1920395
2022-07-01,Brooklyn,1,LCL/LTD,B6,Peak,26387.207,3554,7.423861
2022-07-01,Brooklyn,2,LCL/LTD,B6,Off-Peak,24537.287,3006,8.160094
2022-07-01,Brooklyn,2,LCL/LTD,B6,Peak,9471.544,1188,7.9722347
2022-08-01,Brooklyn,1,LCL/LTD,B6,Off-Peak,72504.805,8887,8.158211
2022-08-01,Brooklyn,1,LCL/LTD,B6,Peak,30185.188,4073,7.410503
2022-08-01,Brooklyn,2,LCL/LTD,B6,Off-Peak,17376.617,2140,8.11735
2022-08-01,Brooklyn,2,LCL/LTD,B6,Peak,6558.895,826,7.9330063
2022-09-01,Brooklyn,1,LCL/LTD,B6,Off-Peak,61234.812,8025,7.6297174
2022-09-01,Brooklyn,1,LCL/LTD,B6,Peak,25303.426,3739,6.765632
2022-09-01,Brooklyn,2,LCL/LTD,B6,Off-Peak,18513.875,2316,7.9920955
2022-09-01,Brooklyn,2,LCL/LTD,B6,Peak,7175.514,926,7.7432933
2022-10-01,Brooklyn,1,LCL/LTD,B6,Off-Peak,68874.36,8955,7.690692
2022-10-01,Brooklyn,1,LCL/LTD,B6,Peak,28254.297,4146,6.813819
2022-10-01,Brooklyn,2,LCL/LTD,B6,Off-Peak,20228.26,2545,7.9469123
2022-10-01,Brooklyn,2,LCL/LTD,B6,Peak,7484.5337,980,7.6363077
2022-11-01,Brooklyn,1,LCL/LTD,B6,Off-Peak,64449.95,8288,7.7754974
2022-11-01,Brooklyn,1,LCL/LTD,B6,Peak,26838.248,3964,6.7690506
2022-11-01,Brooklyn,2,LCL/LTD,B6,Off-Peak,21093.748,2624,8.036173
2022-11-01,Brooklyn,2,LCL/LTD,B6,Peak,8283.476,1075,7.698503
2022-12-01,Brooklyn,1,LCL/LTD,B6,Off-Peak,67335.73,8663,7.772356
2022-12-01,Brooklyn,1,LCL/LTD,B6,Peak,27605.537,4014,6.8767014
2022-12-01,Brooklyn,2,LCL/LTD,B6,Off-Peak,21879.045,2672,8.188256
2022-12-01,Brooklyn,2,LCL/LTD,B6,Peak,8375.703,1068,7.8357377
2023-01-01,Brooklyn,1,LCL/LTD,B6,Off-Peak,68506.99,8610,7.9558535
2023-01-01,Brooklyn,1,LCL/LTD,B6,Peak,28873.27,4102,7.0374947
2023-01-01,Brooklyn,2,LCL/LTD,B6,Off-Peak,24518.57,2973,8.24595
2023-01-01,Brooklyn,2,LCL/LTD,B6,Peak,9582.159,1227,7.8047843
2023-02-01,Brooklyn,1,LCL/LTD,B6,Off-Peak,62719.37,7960,7.8784056
2023-02-01,Brooklyn,1,LCL/LTD,B6,Peak,26228.777,3780,6.937783
2023-02-01,Brooklyn,2,LCL/LTD,B6,Off-Peak,20553.541,2509,8.191228
2023-02-01,Brooklyn,2,LCL/LTD,B6,Peak,7908.21,1013,7.7993913
2023-03-01,Brooklyn,1,LCL/LTD,B6,Off-Peak,77847.62,10073,7.7282715
2023-03-01,Brooklyn,1,LCL/LTD,B6,Peak,32726.762,4771,6.8581543
2023-03-01,Brooklyn,2,LCL/LTD,B6,Off-Peak,17813.451,2217,8.033843
2023-03-01,Brooklyn,2,LCL/LTD,B6,Peak,6778.743,874,7.747838
2023-04-01,Brooklyn,1,LCL/LTD,B6,Off-Peak,66471.055,8357,7.953237
2023-04-01,Brooklyn,1,LCL/LTD,B6,Peak,27234.371,3791,7.1827397
2023-04-01,Brooklyn,2,LCL/LTD,B6,Off-Peak,21722.35,2693,8.06439
2023-04-01,Brooklyn,2,LCL/LTD,B6,Peak,8341.354,1066,7.8248467
2023-05-01,Brooklyn,1,LCL/LTD,B6,Off-Peak,73618.664,9576,7.6875935
2023-05-01,Brooklyn,1,LCL/LTD,B6,Peak,30603.145,4491,6.8128176
2023-05-01,Brooklyn,2,LCL/LTD,B6,Off-Peak,17764.617,2259,7.8611016
2023-05-01,Brooklyn,2,LCL/LTD,B6,Peak,6762.135,889,7.5991735
2023-06-01,Brooklyn,1,LCL/LTD,B6,Off-Peak,71924.305,9222,7.799205
2023-06-01,Brooklyn,1,LCL/LTD,B6,Peak,29781.201,4225,7.0475955
2023-06-01,Brooklyn,2,LCL/LTD,B6,Off-Peak,16976.53,2144,7.9158053
2023-06-01,Brooklyn,2,LCL/LTD,B6,Peak,6316.7407,819,7.709007
2023-07-01,Brooklyn,1,LCL/LTD,B6,Off-Peak,59815.92,7327,8.163318
2023-07-01,Brooklyn,1,LCL/LTD,B6,Peak,24772.145,3341,7.4137983
2023-07-01,Brooklyn,2,LCL/LTD,B6,Off-Peak,23970.88,2954,8.1132
2023-07-01,Brooklyn,2,LCL/LTD,B6,Peak,9262.626,1175,7.882264
2023-08-01,Brooklyn,1,LCL/LTD,B6,Off-Peak,71767.27,8800,8.15528
2023-08-01,Brooklyn,1,LCL/LTD,B6,Peak,30053.785,4016,7.481654
2023-08-01,Brooklyn,2,LCL/LTD,B6,Off-Peak,17338.8,2149,8.066394
2023-08-01,Brooklyn,2,LCL/LTD,B6,Peak,6649.83,848,7.8354383
2023-09-01,Brooklyn,1,LCL/LTD,B6,Off-Peak,57776.12,7724,7.479423
2023-09-01,Brooklyn,1,LCL/LTD,B6,Peak,24112.107,3619,6.6623597
2023-09-01,Brooklyn,2,LCL/LTD,B6,Off-Peak,21363.97,2671,7.9974318
2023-09-01,Brooklyn,2,LCL/LTD,B6,Peak,8121.314,1051,7.72114
2023-10-01,Brooklyn,1,LCL/LTD,B6,Off-Peak,69234.66,9061,7.6404896
2023-10-01,Brooklyn,1,LCL/LTD,B6,Peak,29093.002,4292,6.777205
2023-10-01,Brooklyn,2,LCL/LTD,B6,Off-Peak,18207.871,2292,7.9424987
2023-10-01,Brooklyn,2,LCL/LTD,B6,Peak,6812.663,894,7.6160693
2023-11-01,Brooklyn,1,LCL/LTD,B6,Off-Peak,66501.875,8693,7.649473
2023-11-01,Brooklyn,1,LCL/LTD,B6,Peak,26715.2,3990,6.6938777
2023-11-01,Brooklyn,2,LCL/LTD,B6,Off-Peak,18674.305,2354,7.9301944
2023-11-01,Brooklyn,2,LCL/LTD,B6,Peak,7183.714,946,7.5914707
2023-12-01,Brooklyn,1,LCL/LTD,B6,Off-Peak,62542.11,8147,7.676588
2023-12-01,Brooklyn,1,LCL/LTD,B6,Peak,25865.383,3772,6.8568506
2023-12-01,Brooklyn,2,LCL/LTD,B6,Off-Peak,22367.414,2821,7.927246
2023-12-01,Brooklyn,2,LCL/LTD,B6,Peak,8521.193,1128,7.5523095
2024-01-01,Brooklyn,1,LCL/LTD,B6,Off-Peak,69617.94,8838,7.876319
2024-01-01,Brooklyn,1,LCL/LTD,B6,Peak,28611.33,4099,6.9794574
2024-01-01,Brooklyn,2,LCL/LTD,B6,Off-Peak,22153.863,2721,8.140635
2024-01-01,Brooklyn,2,LCL/LTD,B6,Peak,8569.172,1097,7.8075695
2024-02-01,Brooklyn,1,LCL/LTD,B6,Off-Peak,64496.363,8230,7.835976
2024-02-01,Brooklyn,1,LCL/LTD,B6,Peak,26193.662,3798,6.8958426
2024-02-01,Brooklyn,2,LCL/LTD,B6,Off-Peak,19075.352,2379,8.016732
2024-02-01,Brooklyn,2,LCL/LTD,B6,Peak,7198.459,934,7.698914
2024-03-01,Brooklyn,1,LCL/LTD,B6,Off-Peak,69665.42,9055,7.693522
2024-03-01,Brooklyn,1,LCL/LTD,B6,Peak,28920.39,4227,6.841295
2024-03-01,Brooklyn,2,LCL/LTD,B6,Off-Peak,21206.297,2683,7.9024973
2024-03-01,Brooklyn,2,LCL/LTD,B6,Peak,8183.63,1060,7.713137
2024-04-01,Brooklyn,1,LCL/LTD,B6,Off-Peak,71059.984,9060,7.8431697
2024-04-01,Brooklyn,1,LCL/LTD,B6,Peak,29912.654,4227,7.0755844
2024-04-01,Brooklyn,2,LCL/LTD,B6,Off-Peak,17125.736,2157,7.936649
2024-04-01,Brooklyn,2,LCL/LTD,B6,Peak,6486.32,843,7.6920156
2024-05-01,Brooklyn,1,LCL/LTD,B6,Off-Peak,73105.89,9653,7.573247
2024-05-01,Brooklyn,1,LCL/LTD,B6,Peak,30725.709,4513,6.8082232
2024-05-01,Brooklyn,2,LCL/LTD,B6,Off-Peak,17055.791,2180,7.8213396
2024-05-01,Brooklyn,2,LCL/LTD,B6,Peak,6755.056,889,7.597477
2024-06-01,Brooklyn,1,LCL/LTD,B6,Off-Peak,65506.06,8489,7.71569
2024-06-01,Brooklyn,1,LCL/LTD,B6,Peak,27378.469,3854,7.102491
2024-06-01,Brooklyn,2,LCL/LTD,B6,Off-Peak,20680.762,2657,7.782439
2024-06-01,Brooklyn,2,LCL/LTD,B6,Peak,8145.8228,1071,7.603363
2024-07-01,Brooklyn,1,LCL/LTD,B6,Off-Peak,66996.3,8296,8.074925
2024-07-01,Brooklyn,1,LCL/LTD,B6,Peak,28532.271,3862,7.3877907
2024-07-01,Brooklyn,2,LCL/LTD,B6,Off-Peak,20164.996,2503,8.05317
2024-07-01,Brooklyn,2,LCL/LTD,B6,Peak,7841.91,993,7.8951826
2024-08-01,Brooklyn,1,LCL/LTD,B6,Off-Peak,67746.23,8346,8.116699
2024-08-01,Brooklyn,1,LCL/LTD,B6,Peak,28599.703,3814,7.4973764
2024-08-01,Brooklyn,2,LCL/LTD,B6,Off-Peak,19938.516,2474,8.056677
2024-08-01,Brooklyn,2,LCL/LTD,B6,Peak,7705.08,983,7.8368125
2024-09-01,Brooklyn,1,LCL/LTD,B6,Off-Peak,66814.94,8857,7.543156
2024-09-01,Brooklyn,1,LCL/LTD,B6,Peak,27035.557,4052,6.6720214
2024-09-01,Brooklyn,2,LCL/LTD,B6,Off-Peak,20586.754,2641,7.7931
2024-09-01,Brooklyn,2,LCL/LTD,B6,Peak,7995.931,1061,7.5351286
2024-10-01,Brooklyn,1,LCL/LTD,B6,Off-Peak,76136.93,9884,7.7028093
2024-10-01,Brooklyn,1,LCL/LTD,B6,Peak,31297.229,4555,6.8707957
2024-10-01,Brooklyn,2,LCL/LTD,B6,Off-Peak,16331.133,2073,7.877905
2024-10-01,Brooklyn,2,LCL/LTD,B6,Peak,6464.809,853,7.5713615
2024-11-01,Brooklyn,1,LCL/LTD,B6,Off-Peak,60845.684,7993,7.612132
2024-11-01,Brooklyn,1,LCL/LTD,B6,Peak,24634.404,3697,6.661954
2024-11-01,Brooklyn,2,LCL/LTD,B6,Off-Peak,23881.977,3009,7.936422
2024-11-01,Brooklyn,2,LCL/LTD,B6,Peak,9460.491,1247,7.580908
2024-12-01,Brooklyn,1,LCL/LTD,B6,Off-Peak,66938.16,8702,7.691789
2024-12-01,Brooklyn,1,LCL/LTD,B6,Peak,27251.076,3981,6.8445125
2024-12-01,Brooklyn,2,LCL/LTD,B6,Off-Peak,19848.582,2501,7.9338403
2024-12-01,Brooklyn,2,LCL/LTD,B6,Peak,7659.075,1010,7.5770993
